"","text","favorited","favoriteCount","replyToSN","created","truncated","replyToSID","id","replyToUID","statusSource","screenName","retweetCount","isRetweet","retweeted","longitude","latitude"
"1","RT @AoodSumrit: à¸à¸£à¸­à¸šà¸—à¸­à¸‡à¸„à¸³ #GOLD 1953-1915 à¸—à¸­à¸‡à¸„à¸³à¸¡à¸µà¸à¸²à¸£à¸›à¸£à¸±à¸šà¸•à¸±à¸§à¸£à¹ˆà¸§à¸‡à¸¥à¸‡à¹€à¸¡à¸·à¹ˆà¸­à¸§à¸²à¸™à¸ˆà¸²à¸à¸à¸²à¸£à¸›à¸£à¸°à¸à¸²à¸¨ #PMI à¸­à¸­à¸à¸¡à¸²à¸”à¸µà¸‚à¸¶à¹‰à¸™ à¹à¸¥à¸°à¸à¸¥à¸±à¸šà¸¡à¸²à¸›à¸£à¸±à¸šà¸•à¸±à¸§à¸”à¸µà¸”à¸‚à¸¶à¹‰à¸™à¸«à¸¥à¸±à¸‡à¸ˆà¸²à¸à¸›à¸£à¸°à¸à¸²à¸¨â€¦",FALSE,0,NA,2023-01-25 08:09:37,FALSE,NA,"1618159140228194305",NA,"<a href=""http://twitter.com/#!/download/ipad"" rel=""nofollow"">Twitter for iPad</a>","suckcessma",4,TRUE,FALSE,NA,NA
"2","RT @MDManappuram: Based on the recently announced corporate tax assessment data, it is evident that despite the recessionary headwinds globâ€¦",FALSE,0,NA,2023-01-25 08:04:17,FALSE,NA,"1618157799103692801",NA,"<a href=""http://twitter.com/download/android"" rel=""nofollow"">Twitter for Android</a>","SIPPUPANDIT2",24,TRUE,FALSE,NA,NA
"3","230125 æ›ã‘å£°ã°ã‹ã‚Šã®å°‘å­åŒ–å¯¾ç­–ã«å³ã—ã„ç¾å®Ÿ 22å¹´ã®å‡ºç”Ÿæ•°ã¯80ä¸‡äººä¸‹å›ã‚‹è¦‹è¾¼ã¿ https://t.co/NDEvPDa1MV @YouTubeã‚ˆã‚Š
#å°‘å­åŒ– 
#NHK 
#NHKãƒ‹ãƒ¥ãƒ¼ã‚¹ 
#å‡ºç”Ÿæ•° 
#å‡ºç”Ÿæ•°æ¸›å°‘â€¦ https://t.co/znpeTXEmWR",FALSE,0,NA,2023-01-25 08:01:55,TRUE,NA,"1618157200324857857",NA,"<a href=""http://twitter.com/download/iphone"" rel=""nofollow"">Twitter for iPhone</a>","natu46love",0,FALSE,FALSE,NA,NA
"4","Despite many countries reducing inflation slightly, New Zealand remains steady with no change in inflation. This isâ€¦ https://t.co/NZYMoxHQ4c",FALSE,0,NA,2023-01-25 08:00:22,TRUE,NA,"1618156813563617281",NA,"<a href=""https://www.hootsuite.com"" rel=""nofollow"">Hootsuite Inc.</a>","fxtradingcom_en",0,FALSE,FALSE,NA,NA
"5","RT @moefkorea: #ê¸°íšì¬ì •ë¶€ì—ì„œ_ì•Œë ¤ë“œë¦½ë‹ˆë‹¤
.
'22ë…„ë„ êµ­ê°€ì±„ë¬´ë¹„ìœ¨ì€
ì•„ì§ í™•ì •ë˜ì§€ ì•Šì•˜ìŠµë‹ˆë‹¤.
.
ğŸ“ ï½¢êµ­ê°€ì±„ë¬´ë¹„ìœ¨ 50%ì„  ëš«ë ¸ë‹¤...ì •ë¶€ ì „ë§ë³´ë‹¤ 2ë…„ ì•ë‹¹ê²¨ì ¸ï½£ ê¸°ì‚¬ê´€ë ¨
ğŸ“ 2023.1.24.(í™”) í•œêµ­ê²½ì œ

 #ê¸°íšì¬ì •ë¶€ #ê¸°â€¦",FALSE,0,NA,2023-01-25 08:00:16,FALSE,NA,"1618156786674200576",NA,"<a href=""http://twitter.com/download/iphone"" rel=""nofollow"">Twitter for iPhone</a>","roboticsk21",1,TRUE,FALSE,NA,NA
"6","RT @UxbEconomist07: Episode 251 of â€œLiz Truss #TaxCuts did not cause Britainâ€™s markets to crash.â€ 

Analysis showed that a so called BlackHâ€¦",FALSE,0,NA,2023-01-25 07:57:20,FALSE,NA,"1618156048581558273",NA,"<a href=""http://twitter.com/download/iphone"" rel=""nofollow"">Twitter for iPhone</a>","ferrino100",7,TRUE,FALSE,NA,NA
"7","æ˜æ—¥ã®æ—¥æœ¬æ™‚é–“
ğŸ•¥22æ™‚30åˆ†
ã€ç±³å›½ã€‘ğŸ‡ºğŸ‡²10-12æœˆæœŸå››åŠæœŸå®Ÿè³ªå›½å†…ç·ç”Ÿç”£ï¼ˆé€Ÿå ±å€¤ï¼‰
ğŸ•›24æ™‚
ã€ç±³å›½ã€‘ğŸ‡ºğŸ‡²12æœˆæ–°ç¯‰ä½å®…è²©å£²ä»¶æ•°
ãŒç™ºè¡¨ã•ã‚Œã¾ã™ã€‚

â–¼ä»Šé€±ã®çµŒæ¸ˆã‚«ãƒ¬ãƒ³ãƒ€ãƒ¼ã¾ã¨ã‚ã¯ã“ã¡ã‚‰â€¦ https://t.co/a6ScBdO7VY",FALSE,6,NA,2023-01-25 07:55:30,TRUE,NA,"1618155585991475200",NA,"<a href=""https://mobile.twitter.com"" rel=""nofollow"">Twitter Web App</a>","takadacon",0,FALSE,FALSE,NA,NA
"8","RT @TRADE_TALK_: #Btc is still struggling to break above the weekly supply, as the #DXY is not breaking down from monthly support. We haveâ€¦",FALSE,0,NA,2023-01-25 07:51:56,FALSE,NA,"1618154688859504640",NA,"<a href=""https://mobile.twitter.com"" rel=""nofollow"">Twitter Web App</a>","SorinIoan1",3,TRUE,FALSE,NA,NA
"9","RT @GdPPresse: @RND_de #GdP E-Scooter-Nutzende tragen â€WesenszÃ¼ge der Anarchie in den StraÃŸenverkehrâ€œ, sagt GdP-#Vize Michael #Mertens. â€Amâ€¦",FALSE,0,NA,2023-01-25 07:47:54,FALSE,NA,"1618153674135719938",NA,"<a href=""http://twitter.com/#!/download/ipad"" rel=""nofollow"">Twitter for iPad</a>","edelsteinchen1",2,TRUE,FALSE,NA,NA
"10","RT @MDManappuram: Based on the recently announced corporate tax assessment data, it is evident that despite the recessionary headwinds globâ€¦",FALSE,0,NA,2023-01-25 07:46:59,FALSE,NA,"1618153445562945538",NA,"<a href=""http://twitter.com/download/android"" rel=""nofollow"">Twitter for Android</a>","Pangieswararao",24,TRUE,FALSE,NA,NA
"11","#ê¸°íšì¬ì •ë¶€ì—ì„œ_ì•Œë ¤ë“œë¦½ë‹ˆë‹¤
.
'22ë…„ë„ êµ­ê°€ì±„ë¬´ë¹„ìœ¨ì€
ì•„ì§ í™•ì •ë˜ì§€ ì•Šì•˜ìŠµë‹ˆë‹¤.
.
ğŸ“ ï½¢êµ­ê°€ì±„ë¬´ë¹„ìœ¨ 50%ì„  ëš«ë ¸ë‹¤...ì •ë¶€ ì „ë§ë³´ë‹¤ 2ë…„ ì•ë‹¹ê²¨ì ¸ï½£ ê¸°ì‚¬ê´€ë ¨
ğŸ“ 2023.1.24.(í™”) í•œêµ­ê²½ì œâ€¦ https://t.co/dKS6rsUJEp",FALSE,4,NA,2023-01-25 07:46:24,TRUE,NA,"1618153297348788225",NA,"<a href=""https://mobile.twitter.com"" rel=""nofollow"">Twitter Web App</a>","moefkorea",1,FALSE,FALSE,NA,NA
"12","#Azerbaijanâ€™s #GDP in various fields of non-oil sector significantly increases - minister
https://t.co/zXYBQqFqnY",FALSE,1,NA,2023-01-25 07:45:28,FALSE,NA,"1618153061700243457",NA,"<a href=""https://mobile.twitter.com"" rel=""nofollow"">Twitter Web App</a>","trend_en",0,FALSE,FALSE,NA,NA
"13","RT @UxbEconomist07: Episode 251 of â€œLiz Truss #TaxCuts did not cause Britainâ€™s markets to crash.â€ 

Analysis showed that a so called BlackHâ€¦",FALSE,0,NA,2023-01-25 07:37:08,FALSE,NA,"1618150964523065344",NA,"<a href=""http://twitter.com/download/iphone"" rel=""nofollow"">Twitter for iPhone</a>","suchan104",7,TRUE,FALSE,NA,NA
"14","à²œà²¿à²¡à²¿à²ªà²¿à²—à²¾à²—à²¿ à²•à³ƒà²·à²¿ à²•à³Šà²¡à³à²—à³†à²¯à²¨à³à²¨à³ à²¹à³†à²šà³à²šà²¿à²¸à²¬à³‡à²•à²¿à²¦à³†: à²‡à²¨à³à²«à³‹à²¸à²¿à²¸à³ à²¸à²‚à²¸à³à²¥à²¾à²ªà²• à²¨à²¾à²°à²¾à²¯à²£à²®à³‚à²°à³à²¤à²¿
Boost agricultural contribution to GDP:â€¦ https://t.co/4HI5svqeVs",FALSE,1,NA,2023-01-25 07:36:55,TRUE,NA,"1618150909208563713",NA,"<a href=""https://mobile.twitter.com"" rel=""nofollow"">Twitter Web App</a>","KannadaPrabha",0,FALSE,FALSE,NA,NA
"15","G20åç¾ä¸­å…³ç³»å˜åŒ– ä¸¤å²¸æƒ…åŠ¿æ€ä¹ˆèµ° https://t.co/CPjei8SLHC 
#å›½é™…ç»æµåˆä½œè®ºå› #äºŒåå¤§ #å·¥ä¸šå›½ #G20 #GDP #å…¨çƒ #è´¸æ˜“ #ä¸­å…± #å¤–äº¤éƒ¨ #æ°‘æ—å¾©å…´ #æ±‰å”ç››ä¸– https://t.co/gXQgGnxP1U",FALSE,0,NA,2023-01-25 07:35:05,FALSE,NA,"1618150448581738498",NA,"<a href=""https://mobile.twitter.com"" rel=""nofollow"">Twitter Web App</a>","khmusic_air",0,FALSE,FALSE,NA,NA
"16","#recession ... #GFC2 UK #GDP edition https://t.co/XOO9rPEqi4 https://t.co/7JniiXaL9J",FALSE,2,NA,2023-01-25 07:31:31,FALSE,NA,"1618149550480592897",NA,"<a href=""http://twitter.com/download/android"" rel=""nofollow"">Twitter for Android</a>","InvariantPersp1",0,FALSE,FALSE,NA,NA
"17","US Massive National Debt - What's the reason

#usdebt #debtceiling #debtcrisis #ustreasury #stockmarket #economyâ€¦ https://t.co/u5DT5BtPKm",FALSE,0,NA,2023-01-25 07:31:22,TRUE,NA,"1618149515701415940",NA,"<a href=""https://mobile.twitter.com"" rel=""nofollow"">Twitter Web App</a>","rohanpaul_ai",0,FALSE,FALSE,NA,NA
"18","RT @theweb3sharma: US Govt reached its debt threshold limit?

Whatttt?? How?

How does this impact us?
#debt #gdp #money #gold

Let's takeâ€¦",FALSE,0,NA,2023-01-25 07:31:00,FALSE,NA,"1618149423200231426",NA,"<a href=""https://mobile.twitter.com"" rel=""nofollow"">Twitter Web App</a>","theweb3sharma",1,TRUE,FALSE,NA,NA
"19","RT @Fake498aVictim: @sharmarekha It's a much stronger tremor #mentoo feel when their entire family is trapped in a #fakecases of #498a #dowâ€¦",FALSE,0,NA,2023-01-25 07:30:35,FALSE,NA,"1618149315616313345",NA,"<a href=""https://mobile.twitter.com"" rel=""nofollow"">Twitter Web App</a>","palbro16",4,TRUE,FALSE,NA,NA
"20","Bank of Japan - Why it did not tighten Interest Rate

#boj #bankofjapan #japan #japanesemarket #japaninterestrateâ€¦ https://t.co/9fp42D62iV",FALSE,0,NA,2023-01-25 07:24:35,TRUE,NA,"1618147807503974401",NA,"<a href=""https://mobile.twitter.com"" rel=""nofollow"">Twitter Web App</a>","rohanpaul_ai",0,FALSE,FALSE,NA,NA
"21","#ç¿’è¿‘å¹³ #å²¸ç”°æ–‡é›„ #åŒ—å°¾å‰å­ #æ”¿æ²»å®¶ #å­«æ­£ç¾© #GDP #ã‚¨ã‚³ 

#ã‚³ãƒ­ãƒŠã¯å˜˜
https://t.co/OpebhgD3kU 

#å®‰å€æ™‹ä¸‰ #éº»ç”Ÿå¤ªéƒ ãƒ¦ãƒ€ãƒ¤æœ«è£”
https://t.co/GVVwYRUG3Q

ãƒ¦â€¦ https://t.co/iwomViwOZM",FALSE,1,NA,2023-01-25 07:22:26,TRUE,NA,"1618147264081559554",NA,"<a href=""https://mobile.twitter.com"" rel=""nofollow"">Twitter Web App</a>","sxOJF5AzdUofcZO",1,FALSE,FALSE,NA,NA
"22","India ğŸ‡®ğŸ‡³ is really doing alright #GDP #NarendraModi https://t.co/fVuipD8Puc",FALSE,0,NA,2023-01-25 07:19:11,FALSE,NA,"1618146449342205952",NA,"<a href=""http://twitter.com/download/iphone"" rel=""nofollow"">Twitter for iPhone</a>","kbsriram16",0,FALSE,FALSE,NA,NA
"23","RT @GdPPresse: @RND_de #GdP E-Scooter-Nutzende tragen â€WesenszÃ¼ge der Anarchie in den StraÃŸenverkehrâ€œ, sagt GdP-#Vize Michael #Mertens. â€Amâ€¦",FALSE,0,NA,2023-01-25 07:19:00,FALSE,NA,"1618146400348565506",NA,"<a href=""http://twitter.com/download/iphone"" rel=""nofollow"">Twitter for iPhone</a>","jorg_radek",2,TRUE,FALSE,NA,NA
"24","@RND_de #GdP E-Scooter-Nutzende tragen â€WesenszÃ¼ge der Anarchie in den StraÃŸenverkehrâ€œ, sagt GdP-#Vize Michaelâ€¦ https://t.co/DLfhzLrEDT",FALSE,2,"RND_de",2023-01-25 07:13:31,TRUE,NA,"1618145021013929985","2885573171","<a href=""https://mobile.twitter.com"" rel=""nofollow"">Twitter Web App</a>","GdPPresse",2,FALSE,FALSE,NA,NA
"25","RT @FXStreetNews: Gold Price Forecast: XAU/USD looks to surpass $1,940 amid weaker yields, US GDP eyed https://t.co/MQG8BVxBbu #Gold #XAUUSâ€¦",FALSE,0,NA,2023-01-25 07:12:15,FALSE,NA,"1618144702611730434",NA,"<a href=""https://mobile.twitter.com"" rel=""nofollow"">Twitter Web App</a>","AimforProfit",1,TRUE,FALSE,NA,NA
"26","Is #GDP A Good Measure Of Economic Growth? Why Or Why Not? https://t.co/yWpqjOnaSy #economicgrowth #economics",FALSE,0,NA,2023-01-25 07:11:09,FALSE,NA,"1618144427377057792",NA,"<a href=""https://revive.social/"" rel=""nofollow"">Revive Social App</a>","methodeva",0,FALSE,FALSE,NA,NA
"27","Crucial US data are on their way, including the first look at Q4 #GDP and #PCEinflation. Can they impact the #Fed pâ€¦ https://t.co/nXk5xoU1HQ",FALSE,1,NA,2023-01-25 07:08:00,TRUE,NA,"1618143633911193600",NA,"<a href=""https://prod1.sprinklr.com"" rel=""nofollow"">Sprinklr Publishing</a>","XM_COM",0,FALSE,FALSE,NA,NA
"28","RT @GdP_Chef: In jedem Fall haben Anwesenheit und Handlungen bestimmter #Influencer wie @Luisamneubauer oder @GretaThunberg - massiven Einfâ€¦",FALSE,0,NA,2023-01-25 07:06:05,FALSE,NA,"1618143153034522627",NA,"<a href=""http://twitter.com/download/iphone"" rel=""nofollow"">Twitter for iPhone</a>","jorg_radek",0,TRUE,FALSE,NA,NA
"29","ã‚‚ã†ã™ãæ—¥æœ¬ã¨ãƒ‰ã‚¤ãƒ„ã®GDPãŒé€†è»¢ã™ã‚‹ã‚ˆã†ã ã€‚
æ˜”ã‹ã‚‰è¨€ã‚ã‚Œã¦ã„ã‚‹ã‘ã©ã€æ—¥æœ¬ã®å›½åŠ›ãŒä½ä¸‹ã—ã¦ã„ã‚‹ã®ã¯æ˜ç™½ã€‚
å°‘å­åŒ–ã‚‚ã‚ã£ã¦çµŒæ¸ˆçš„ã«ç››ã‚Šè¿”ã™ã®ã¯ã‚‚ã†å›°é›£ã€‚
åŒ—æ¬§è«¸å›½ã®ã‚ˆã†ã«çµŒæ¸ˆè¦æ¨¡ã¯å°ã•ã„ã‘ã©é­…åŠ›æº¢ã‚Œã‚‹å›½ã‚’ç›®æŒ‡ã—ãŸæ–¹ãŒè‰¯ã„ã¨å€‹äººçš„ã«â€¦ https://t.co/pDFSU28csP",FALSE,0,NA,2023-01-25 07:04:17,TRUE,NA,"1618142696299982848",NA,"<a href=""http://twitter.com/download/android"" rel=""nofollow"">Twitter for Android</a>","27LtVoYvVwJwOo7",0,FALSE,FALSE,NA,NA
"30","Last year, a significant increase was recorded in the #GDP of a number of areas within the #nonoil-gas sector, compared to 2021.
1/2",FALSE,11,NA,2023-01-25 07:01:21,FALSE,NA,"1618141959541125124",NA,"<a href=""https://mobile.twitter.com"" rel=""nofollow"">Twitter Web App</a>","MikayilJabbarov",0,FALSE,FALSE,NA,NA
"31","RT @MFAestonia: #EstoniağŸ‡ªğŸ‡ª has decided to provide #UkraineğŸ‡ºğŸ‡¦ with the largest military aid package to date including:
ğŸ”¹Remote fire weaponsâ€¦",FALSE,0,NA,2023-01-25 06:55:04,FALSE,NA,"1618140378540175360",NA,"<a href=""http://twitter.com/download/android"" rel=""nofollow"">Twitter for Android</a>","DanyloLyaksand",129,TRUE,FALSE,NA,NA
"32","The Economic Enigma â€” Why India is definitely better placed than US and Europe
https://t.co/lGUqdf9bh6 via NaMo Appâ€¦ https://t.co/CFeUW6W9cm",FALSE,0,NA,2023-01-25 06:54:09,TRUE,NA,"1618140149728317448",NA,"<a href=""http://twitter.com/download/android"" rel=""nofollow"">Twitter for Android</a>","sharadasireesh",0,FALSE,FALSE,NA,NA
"33","RT @UxbEconomist07: Episode 251 of â€œLiz Truss #TaxCuts did not cause Britainâ€™s markets to crash.â€ 

Analysis showed that a so called BlackHâ€¦",FALSE,0,NA,2023-01-25 06:51:12,FALSE,NA,"1618139405331595276",NA,"<a href=""http://twitter.com/download/android"" rel=""nofollow"">Twitter for Android</a>","SeanBowles4",7,TRUE,FALSE,NA,NA
"34","RT @WSJJapan: ç‹¬è£å›½å®¶ã®GDPãƒ‡ãƒ¼ã‚¿æ°´å¢—ã— ã€Œå…‰ã€ã§ç…§ã‚‰ã—å‡ºã™
è¡›æ˜Ÿå†™çœŸã§æµ®ã‹ã³ä¸ŠãŒã‚‹å®Ÿæ…‹
#GDP #çµŒæ¸ˆ
https://t.co/EGsxkoFnvd",FALSE,0,NA,2023-01-25 06:49:17,FALSE,NA,"1618138924341395461",NA,"<a href=""http://twitter.com/download/android"" rel=""nofollow"">Twitter for Android</a>","atari101000",11,TRUE,FALSE,NA,NA
"35","USD/CAD Bersiap untuk Menguji Posisi Terendah Mingguan di Sekitar 1,3320 Menjelang Kebijakan Bank of Canadaâ€¦ https://t.co/R75j2Ccoyj",FALSE,0,NA,2023-01-25 06:46:20,TRUE,NA,"1618138180452028416",NA,"<a href=""http://www.fxstreet.web.id"" rel=""nofollow"">FXstreet.web.id</a>","fxstreetnewsid",0,FALSE,FALSE,NA,NA
"36","After 10 months, Nigeriaâ€™s inflation drops in December

According to policymakers, Nigeria's continuing inflationarâ€¦ https://t.co/tqi4YnO0Ji",FALSE,0,NA,2023-01-25 06:45:00,TRUE,NA,"1618137843288899585",NA,"<a href=""https://social.zoho.com"" rel=""nofollow"">Zoho Social</a>","gbomagazine",0,FALSE,FALSE,NA,NA
"37","RT @MDManappuram: Based on the recently announced corporate tax assessment data, it is evident that despite the recessionary headwinds globâ€¦",FALSE,0,NA,2023-01-25 06:39:27,FALSE,NA,"1618136449827876865",NA,"<a href=""http://twitter.com/download/android"" rel=""nofollow"">Twitter for Android</a>","India10002",24,TRUE,FALSE,NA,NA
"38","RT @WSJJapan: ç‹¬è£å›½å®¶ã®GDPãƒ‡ãƒ¼ã‚¿æ°´å¢—ã— ã€Œå…‰ã€ã§ç…§ã‚‰ã—å‡ºã™
è¡›æ˜Ÿå†™çœŸã§æµ®ã‹ã³ä¸ŠãŒã‚‹å®Ÿæ…‹
#GDP #çµŒæ¸ˆ
https://t.co/EGsxkoFnvd",FALSE,0,NA,2023-01-25 06:30:05,FALSE,NA,"1618134090301177863",NA,"<a href=""https://mobile.twitter.com"" rel=""nofollow"">Twitter Web App</a>","k1h",11,TRUE,FALSE,NA,NA
"39","RT @FXStreetNews: USD/CAD prepares to test weekly lows around 1.3320 ahead of Bank of Canada policy https://t.co/U4VgWiQkKK #USDCAD #BOC #Fâ€¦",FALSE,0,NA,2023-01-25 06:21:01,FALSE,NA,"1618131811628109831",NA,"<a href=""http://twitter.com/download/android"" rel=""nofollow"">Twitter for Android</a>","Huzaifa32832348",1,TRUE,FALSE,NA,NA
"40","RT @WSJJapan: ç‹¬è£å›½å®¶ã®GDPãƒ‡ãƒ¼ã‚¿æ°´å¢—ã— ã€Œå…‰ã€ã§ç…§ã‚‰ã—å‡ºã™
è¡›æ˜Ÿå†™çœŸã§æµ®ã‹ã³ä¸ŠãŒã‚‹å®Ÿæ…‹
#GDP #çµŒæ¸ˆ
https://t.co/EGsxkoFnvd",FALSE,0,NA,2023-01-25 06:20:03,FALSE,NA,"1618131564424220672",NA,"<a href=""https://mobile.twitter.com"" rel=""nofollow"">Twitter Web App</a>","giga_frog",11,TRUE,FALSE,NA,NA
"41","RT @MDManappuram: Based on the recently announced corporate tax assessment data, it is evident that despite the recessionary headwinds globâ€¦",FALSE,0,NA,2023-01-25 06:06:02,FALSE,NA,"1618128038134448128",NA,"<a href=""https://mobile.twitter.com"" rel=""nofollow"">Twitter Web App</a>","AnithaAwasthi",24,TRUE,FALSE,NA,NA
"42","USD/CAD prepares to test weekly lows around 1.3320 ahead of Bank of Canada policy https://t.co/U4VgWiQkKK #USDCADâ€¦ https://t.co/ezLJPUJ7GH",FALSE,3,NA,2023-01-25 06:05:33,TRUE,NA,"1618127918680444929",NA,"<a href=""http://www.fxstreet.com/"" rel=""nofollow"">FXstreet.com</a>","FXStreetNews",1,FALSE,FALSE,NA,NA
"43","In terms of the ratio of fiscal revenue to GDP, the IMF has included Pakistan in the 
10 lowest ratio out of 190 coâ€¦ https://t.co/vrB1LBZFK0",FALSE,0,NA,2023-01-25 06:02:54,TRUE,NA,"1618127252256063490",NA,"<a href=""https://mobile.twitter.com"" rel=""nofollow"">Twitter Web App</a>","newstoday_org",0,FALSE,FALSE,NA,NA
"44","Tomorrow, @BEA_News releases the #AdvanceGDP report, representing the initial reading for Q1 2023. #GDP is the mostâ€¦ https://t.co/fV3qHHc6xh",FALSE,0,NA,2023-01-25 06:00:31,TRUE,NA,"1618126652663283715",NA,"<a href=""https://mobile.twitter.com"" rel=""nofollow"">Twitter Web App</a>","MBSQuoteline",0,FALSE,FALSE,NA,NA
"45","RT @WSJJapan: ç‹¬è£å›½å®¶ã®GDPãƒ‡ãƒ¼ã‚¿æ°´å¢—ã— ã€Œå…‰ã€ã§ç…§ã‚‰ã—å‡ºã™
è¡›æ˜Ÿå†™çœŸã§æµ®ã‹ã³ä¸ŠãŒã‚‹å®Ÿæ…‹
#GDP #çµŒæ¸ˆ
https://t.co/EGsxkoFnvd",FALSE,0,NA,2023-01-25 05:41:38,FALSE,NA,"1618121896637370376",NA,"<a href=""http://twitter.com/download/iphone"" rel=""nofollow"">Twitter for iPhone</a>","st_h_n_",11,TRUE,FALSE,NA,NA
"46","RT @WSJJapan: ç‹¬è£å›½å®¶ã®GDPãƒ‡ãƒ¼ã‚¿æ°´å¢—ã— ã€Œå…‰ã€ã§ç…§ã‚‰ã—å‡ºã™
#GDP #çµŒæ¸ˆ
https://t.co/vdw5G5Hitt",FALSE,0,NA,2023-01-25 05:40:38,FALSE,NA,"1618121646304555008",NA,"<a href=""https://mobile.twitter.com"" rel=""nofollow"">Twitter Web App</a>","manchan_free",11,TRUE,FALSE,NA,NA
"47","From StockheadComAu "" ASX Large Caps: Gold stocks lose shine, Aussie inflation leaps to 33-year high "" published 25â€¦ https://t.co/ONzBqcdn0N",FALSE,0,NA,2023-01-25 05:40:11,TRUE,NA,"1618121532613742592",NA,"<a href=""https://help.twitter.com/en/using-twitter/how-to-tweet#source-labels"" rel=""nofollow"">Blue Harvest Digital</a>","BluHrvstDigital",0,FALSE,FALSE,NA,NA
"48","With #Budget2023 around the corner, there is an opportunity to ensure #manufacturing gets a boost for small and medâ€¦ https://t.co/pWU0hAckub",FALSE,0,NA,2023-01-25 05:30:00,TRUE,NA,"1618118970959069185",NA,"<a href=""https://about.twitter.com/products/tweetdeck"" rel=""nofollow"">TweetDeck</a>","ET_RISE",0,FALSE,FALSE,NA,NA
"49","RT @haqsmusings: @UzairYounus @mosharrafzaidi In 1999, #Pakistan's #GDP was just $63 billion vs #India's $460 billion (7.3X) . Today, Pakisâ€¦",FALSE,0,NA,2023-01-25 05:27:23,FALSE,NA,"1618118310293536768",NA,"<a href=""https://mobile.twitter.com"" rel=""nofollow"">Twitter Web App</a>","pakdefender16",1,TRUE,FALSE,NA,NA
"50","RT @MDManappuram: Based on the recently announced corporate tax assessment data, it is evident that despite the recessionary headwinds globâ€¦",FALSE,0,NA,2023-01-25 05:20:23,FALSE,NA,"1618116549973508099",NA,"<a href=""https://mobile.twitter.com"" rel=""nofollow"">Twitter Web App</a>","TheNextTech2018",24,TRUE,FALSE,NA,NA
"51","Gold holds tight range ahead of U.S. economic data

https://t.co/2d7K7pWTWb

#Gold #Commodity #GDP #IlyaSpivakâ€¦ https://t.co/28RRweOQVk",FALSE,1,NA,2023-01-25 05:17:27,TRUE,NA,"1618115813978025991",NA,"<a href=""https://mobile.twitter.com"" rel=""nofollow"">Twitter Web App</a>","InvGurInd",0,FALSE,FALSE,NA,NA
"52","#Gold Holds the High Ground as US Dollar Languishes. Where to for #XAUUSD?

Join group for Free Trades and Analysisâ€¦ https://t.co/63UZEaEalM",FALSE,0,NA,2023-01-25 05:17:25,TRUE,NA,"1618115805857853440",NA,"<a href=""https://mobile.twitter.com"" rel=""nofollow"">Twitter Web App</a>","Elllenkim",0,FALSE,FALSE,NA,NA
"53","RT @CignalsIo: Have a feeling $BTC chops a bit heading into Thursday's #GDP numbers &amp; Friday's #PCE data. 

If numbers come in softer thanâ€¦",FALSE,0,NA,2023-01-25 05:17:01,FALSE,NA,"1618115704846422016",NA,"<a href=""https://mobile.twitter.com"" rel=""nofollow"">Twitter Web App</a>","Thepetitmad",2,TRUE,FALSE,NA,NA
"54","Gold Price Forecast: $1,940 is a tough nut to crack for XAU/USD bulls ahead of United States dataâ€¦ https://t.co/ruL62Fgrgx",FALSE,0,NA,2023-01-25 05:15:23,TRUE,NA,"1618115293330423809",NA,"<a href=""http://www.fxstreet.com/"" rel=""nofollow"">FXstreet.com Reports</a>","FXstreetReports",0,FALSE,FALSE,NA,NA
"55","India is poised to grow at 6.2% #GDP better than western peers due to aftershocks of #war coupled with #layoffs2023â€¦ https://t.co/y8tdtI97yh",FALSE,3,NA,2023-01-25 05:12:49,TRUE,NA,"1618114646183149568",NA,"<a href=""https://mobile.twitter.com"" rel=""nofollow"">Twitter Web App</a>","N_Hiranandani",0,FALSE,FALSE,NA,NA
"56","à´¬à´œà´±àµà´±àµ: à´¨à´¿à´•àµà´¤à´¿ à´¸àµà´²à´¾à´¬àµà´•àµ¾ à´¤à´¿à´°àµà´¤àµà´¤àµà´¨àµà´¨à´¤àµ à´®àµà´¤àµ½ à´§à´¨à´•à´®àµà´®à´¿ à´•àµà´±à´¯àµà´•àµà´•à´£à´®àµ†à´¨àµà´¨àµ à´µà´°àµ† à´†à´µà´¶àµà´¯à´™àµà´™àµ¾ à´à´±àµ† #gdp #budgetâ€¦ https://t.co/Az1590ETLR",FALSE,0,NA,2023-01-25 05:11:39,TRUE,NA,"1618114353760448512",NA,"<a href=""https://hocalwire.com"" rel=""nofollow"">Hocalwire Social Share</a>","myfinpoint",0,FALSE,FALSE,NA,NA
"57","ç¾å…ƒæŒ‡æ•°ç–²å¼±ï¼Œæ¬§å…ƒ/ç¾å…ƒæœ‰æœ›æ˜ç¡®çªç ´1.0900 https://t.co/wXk5W5e5jE #EURUSD #Fed #ECB #Inflation #GDP",FALSE,0,NA,2023-01-25 05:00:19,FALSE,NA,"1618111500400431104",NA,"<a href=""http://www.fxstreet.hk/"" rel=""nofollow"">FXstreet.hk</a>","fxstreetcn",0,FALSE,FALSE,NA,NA
"58","RT @globaltechsummt: Aggregate #GDP and #Population of G7 #Countries as a Share to the #world total Population in 2022.

PS: https://t.co/vâ€¦",FALSE,0,NA,2023-01-25 04:52:53,FALSE,NA,"1618109628109455360",NA,"<a href=""https://mobile.twitter.com"" rel=""nofollow"">Twitter Web App</a>","cosmetic_derma",7,TRUE,FALSE,NA,NA
"59","Gold holds tight range ahead of U.S. economic data

https://t.co/2d7K7pWTWb

#Gold #Commodity #GDPâ€¦ https://t.co/zn0p1LCD0E",FALSE,0,NA,2023-01-25 04:47:22,TRUE,NA,"1618108239757049857",NA,"<a href=""https://mobile.twitter.com"" rel=""nofollow"">Twitter Web App</a>","InvGurInd",0,FALSE,FALSE,NA,NA
"60","EUR/USD Mencari Persilangan yang Menentukan di Atas 1,0900 di Tengah Indeks USD yang Lemah https://t.co/VH91jxVe8aâ€¦ https://t.co/iV6Mw6LjJf",FALSE,1,NA,2023-01-25 04:42:58,TRUE,NA,"1618107134926798848",NA,"<a href=""http://www.fxstreet.web.id"" rel=""nofollow"">FXstreet.web.id</a>","fxstreetnewsid",0,FALSE,FALSE,NA,NA
"61","RT @gdp_nrw: ""Echte #Fans mÃ¼ssen sich von den Chaoten trennen - im FuÃŸball gilt das Gleiche wie in LÃ¼tzerath und woanders auch!""

Klartextâ€¦",FALSE,0,NA,2023-01-25 04:42:14,FALSE,NA,"1618106949064880128",NA,"<a href=""http://twitter.com/download/iphone"" rel=""nofollow"">Twitter for iPhone</a>","StefanRieckmann",4,TRUE,FALSE,NA,NA
"62","RT @ORCA_India: This infographic prepared by @bhole_omkar of @ORCA_India depicts the #GDP data of all Chinese #provinces in 2022. Along witâ€¦",FALSE,0,NA,2023-01-25 04:42:13,FALSE,NA,"1618106946619592704",NA,"<a href=""http://twitter.com/download/android"" rel=""nofollow"">Twitter for Android</a>","eerishika",0,TRUE,FALSE,NA,NA
"63","RT @WSJJapan: ç‹¬è£å›½å®¶ã®GDPãƒ‡ãƒ¼ã‚¿æ°´å¢—ã— ã€Œå…‰ã€ã§ç…§ã‚‰ã—å‡ºã™
è¡›æ˜Ÿå†™çœŸã§æµ®ã‹ã³ä¸ŠãŒã‚‹å®Ÿæ…‹
#GDP #çµŒæ¸ˆ
https://t.co/EGsxkoFnvd",FALSE,0,NA,2023-01-25 04:37:42,FALSE,NA,"1618105811061952512",NA,"<a href=""http://twitter.com/download/iphone"" rel=""nofollow"">Twitter for iPhone</a>","EMaru72424868",11,TRUE,FALSE,NA,NA
"64","RT @MDManappuram: Based on the recently announced corporate tax assessment data, it is evident that despite the recessionary headwinds globâ€¦",FALSE,0,NA,2023-01-25 04:36:10,FALSE,NA,"1618105424389238791",NA,"<a href=""http://twitter.com/download/android"" rel=""nofollow"">Twitter for Android</a>","bjpbabluji",24,TRUE,FALSE,NA,NA
"65","RT @MDManappuram: Based on the recently announced corporate tax assessment data, it is evident that despite the recessionary headwinds globâ€¦",FALSE,0,NA,2023-01-25 04:35:13,FALSE,NA,"1618105182973460484",NA,"<a href=""http://twitter.com/download/android"" rel=""nofollow"">Twitter for Android</a>","Arvind02030218",24,TRUE,FALSE,NA,NA
"66","A host of factors are likely to catapult India to become the top sourcing destination. What are these? How will theâ€¦ https://t.co/H6aaUSO4bj",FALSE,2,NA,2023-01-25 04:34:55,TRUE,NA,"1618105106594922496",NA,"<a href=""https://www.semrush.com/"" rel=""nofollow"">Semrush Social Media Tool</a>","AgrKnowledge",0,FALSE,FALSE,NA,NA
"67","RT @MDManappuram: Based on the recently announced corporate tax assessment data, it is evident that despite the recessionary headwinds globâ€¦",FALSE,0,NA,2023-01-25 04:32:38,FALSE,NA,"1618104534844452864",NA,"<a href=""http://twitter.com/download/android"" rel=""nofollow"">Twitter for Android</a>","padiyar_u",24,TRUE,FALSE,NA,NA
"68","RT @AoodSumrit: à¸à¸£à¸­à¸šà¸—à¸­à¸‡à¸„à¸³ #GOLD 1953-1915 à¸—à¸­à¸‡à¸„à¸³à¸¡à¸µà¸à¸²à¸£à¸›à¸£à¸±à¸šà¸•à¸±à¸§à¸£à¹ˆà¸§à¸‡à¸¥à¸‡à¹€à¸¡à¸·à¹ˆà¸­à¸§à¸²à¸™à¸ˆà¸²à¸à¸à¸²à¸£à¸›à¸£à¸°à¸à¸²à¸¨ #PMI à¸­à¸­à¸à¸¡à¸²à¸”à¸µà¸‚à¸¶à¹‰à¸™ à¹à¸¥à¸°à¸à¸¥à¸±à¸šà¸¡à¸²à¸›à¸£à¸±à¸šà¸•à¸±à¸§à¸”à¸µà¸”à¸‚à¸¶à¹‰à¸™à¸«à¸¥à¸±à¸‡à¸ˆà¸²à¸à¸›à¸£à¸°à¸à¸²à¸¨â€¦",FALSE,0,NA,2023-01-25 04:16:09,FALSE,NA,"1618100386296107008",NA,"<a href=""http://twitter.com/download/android"" rel=""nofollow"">Twitter for Android</a>","yingyingju1",4,TRUE,FALSE,NA,NA
"69","EUR/USD looks for a decisive cross above 1.0900 amid a subdued USD Index â€“ by @Sagar_Dua24

https://t.co/aZJLH6cb5Pâ€¦ https://t.co/tZdwbaamUB",FALSE,2,NA,2023-01-25 04:08:37,TRUE,NA,"1618098489258393600",NA,"<a href=""http://www.fxstreet.com/"" rel=""nofollow"">FXstreet.com</a>","FXStreetNews",0,FALSE,FALSE,NA,NA
"70","RT @Oneindia: Karnataka outperforms other States in per capita income
#GDP #Karnataka #growth #economy 

https://t.co/JuTbZ24hzF",FALSE,0,NA,2023-01-25 04:05:23,FALSE,NA,"1618097674720509952",NA,"<a href=""https://mobile.twitter.com"" rel=""nofollow"">Twitter Web App</a>","56perumal",1,TRUE,FALSE,NA,NA
"71","RT @Oneindia: Indian digital economy to hit trillion dollars soon: MoS IT Rajeev 
https://t.co/85fdfy4zcC

#economy #gdp #growth #india #ITâ€¦",FALSE,0,NA,2023-01-25 04:02:10,FALSE,NA,"1618096866335551490",NA,"<a href=""https://mobile.twitter.com"" rel=""nofollow"">Twitter Web App</a>","56perumal",0,TRUE,FALSE,NA,NA
"72","RT @WSJJapan: ç‹¬è£å›½å®¶ã®GDPãƒ‡ãƒ¼ã‚¿æ°´å¢—ã— ã€Œå…‰ã€ã§ç…§ã‚‰ã—å‡ºã™
#GDP #çµŒæ¸ˆ
https://t.co/vdw5G5Hitt",FALSE,0,NA,2023-01-25 04:00:13,FALSE,NA,"1618096374062669833",NA,"<a href=""http://twitter.com/download/iphone"" rel=""nofollow"">Twitter for iPhone</a>","ta77ka88",11,TRUE,FALSE,NA,NA
"73","RT @WSJJapan: ç‹¬è£å›½å®¶ã®GDPãƒ‡ãƒ¼ã‚¿æ°´å¢—ã— ã€Œå…‰ã€ã§ç…§ã‚‰ã—å‡ºã™
è¡›æ˜Ÿå†™çœŸã§æµ®ã‹ã³ä¸ŠãŒã‚‹å®Ÿæ…‹
#GDP #çµŒæ¸ˆ
https://t.co/EGsxkoFnvd",FALSE,0,NA,2023-01-25 03:56:30,FALSE,NA,"1618095438799962115",NA,"<a href=""http://twitter.com/download/iphone"" rel=""nofollow"">Twitter for iPhone</a>","KyudouLOVE50s",11,TRUE,FALSE,NA,NA
"74","@Nieuwsuur @bob_deen In 2022 de #inflatie liep op tot 15.4%, #GDP daalde met 4.3%, verwacht wordt dat de trend in #â€¦ https://t.co/SbePlcMFXb",FALSE,2,"Nieuwsuur",2023-01-25 03:54:26,TRUE,"1617988308176441345","1618094920123940866","93474576","<a href=""http://twitter.com/download/iphone"" rel=""nofollow"">Twitter for iPhone</a>","adilshah2017",0,FALSE,FALSE,NA,NA
"75","RT @WSJJapan: ç‹¬è£å›½å®¶ã®GDPãƒ‡ãƒ¼ã‚¿æ°´å¢—ã— ã€Œå…‰ã€ã§ç…§ã‚‰ã—å‡ºã™
è¡›æ˜Ÿå†™çœŸã§æµ®ã‹ã³ä¸ŠãŒã‚‹å®Ÿæ…‹
#GDP #çµŒæ¸ˆ
https://t.co/EGsxkoFnvd",FALSE,0,NA,2023-01-25 03:53:39,FALSE,NA,"1618094725411790855",NA,"<a href=""http://twitter.com/download/iphone"" rel=""nofollow"">Twitter for iPhone</a>","dar_ojh",11,TRUE,FALSE,NA,NA
"76","RT @UxbEconomist07: Episode 251 of â€œLiz Truss #TaxCuts did not cause Britainâ€™s markets to crash.â€ 

Analysis showed that a so called BlackHâ€¦",FALSE,0,NA,2023-01-25 03:53:16,FALSE,NA,"1618094625843216384",NA,"<a href=""https://mobile.twitter.com"" rel=""nofollow"">Twitter Web App</a>","barrythebonsai",7,TRUE,FALSE,NA,NA
"77","RT @WSJJapan: ç‹¬è£å›½å®¶ã®GDPãƒ‡ãƒ¼ã‚¿æ°´å¢—ã— ã€Œå…‰ã€ã§ç…§ã‚‰ã—å‡ºã™
è¡›æ˜Ÿå†™çœŸã§æµ®ã‹ã³ä¸ŠãŒã‚‹å®Ÿæ…‹
#GDP #çµŒæ¸ˆ
https://t.co/EGsxkoFnvd",FALSE,0,NA,2023-01-25 03:48:03,FALSE,NA,"1618093313604845569",NA,"<a href=""http://twitter.com/download/android"" rel=""nofollow"">Twitter for Android</a>","rapisu25fumi231",11,TRUE,FALSE,NA,NA
"78","RT @AoodSumrit: à¸à¸£à¸­à¸šà¸—à¸­à¸‡à¸„à¸³ #GOLD 1953-1915 à¸—à¸­à¸‡à¸„à¸³à¸¡à¸µà¸à¸²à¸£à¸›à¸£à¸±à¸šà¸•à¸±à¸§à¸£à¹ˆà¸§à¸‡à¸¥à¸‡à¹€à¸¡à¸·à¹ˆà¸­à¸§à¸²à¸™à¸ˆà¸²à¸à¸à¸²à¸£à¸›à¸£à¸°à¸à¸²à¸¨ #PMI à¸­à¸­à¸à¸¡à¸²à¸”à¸µà¸‚à¸¶à¹‰à¸™ à¹à¸¥à¸°à¸à¸¥à¸±à¸šà¸¡à¸²à¸›à¸£à¸±à¸šà¸•à¸±à¸§à¸”à¸µà¸”à¸‚à¸¶à¹‰à¸™à¸«à¸¥à¸±à¸‡à¸ˆà¸²à¸à¸›à¸£à¸°à¸à¸²à¸¨â€¦",FALSE,0,NA,2023-01-25 03:47:53,FALSE,NA,"1618093270374158337",NA,"<a href=""http://twitter.com/download/iphone"" rel=""nofollow"">Twitter for iPhone</a>","NUTTHAKIT_N",4,TRUE,FALSE,NA,NA
"79","@UzairYounus @mosharrafzaidi In 1999, #Pakistan's #GDP was just $63 billion vs #India's $460 billion (7.3X) . Todayâ€¦ https://t.co/oYYMgFqXmW",FALSE,1,"UzairYounus",2023-01-25 03:47:02,TRUE,"1618039716024049666","1618093059107094530","326754583","<a href=""https://mobile.twitter.com"" rel=""nofollow"">Twitter Web App</a>","haqsmusings",1,FALSE,FALSE,NA,NA
"80","à¸à¸£à¸­à¸šà¸—à¸­à¸‡à¸„à¸³ #GOLD 1953-1915 à¸—à¸­à¸‡à¸„à¸³à¸¡à¸µà¸à¸²à¸£à¸›à¸£à¸±à¸šà¸•à¸±à¸§à¸£à¹ˆà¸§à¸‡à¸¥à¸‡à¹€à¸¡à¸·à¹ˆà¸­à¸§à¸²à¸™à¸ˆà¸²à¸à¸à¸²à¸£à¸›à¸£à¸°à¸à¸²à¸¨ #PMI à¸­à¸­à¸à¸¡à¸²à¸”à¸µà¸‚à¸¶à¹‰à¸™ à¹à¸¥à¸°à¸à¸¥à¸±à¸šà¸¡à¸²à¸›à¸£à¸±à¸šà¸•à¸±à¸§à¸”à¸µà¸”à¸‚à¸¶à¹‰à¸™à¸«à¸¥à¸±à¸‡à¸ˆâ€¦ https://t.co/SFv2KFJW6M",FALSE,6,NA,2023-01-25 03:43:58,TRUE,NA,"1618092287761985537",NA,"<a href=""https://mobile.twitter.com"" rel=""nofollow"">Twitter Web App</a>","AoodSumrit",4,FALSE,FALSE,NA,NA
"81","RT @WSJJapan: ç‹¬è£å›½å®¶ã®GDPãƒ‡ãƒ¼ã‚¿æ°´å¢—ã— ã€Œå…‰ã€ã§ç…§ã‚‰ã—å‡ºã™
è¡›æ˜Ÿå†™çœŸã§æµ®ã‹ã³ä¸ŠãŒã‚‹å®Ÿæ…‹
#GDP #çµŒæ¸ˆ
https://t.co/EGsxkoFnvd",FALSE,0,NA,2023-01-25 03:35:41,FALSE,NA,"1618090202010124288",NA,"<a href=""http://twitter.com/download/android"" rel=""nofollow"">Twitter for Android</a>","tetsu0724d",11,TRUE,FALSE,NA,NA
"82","RT @WSJJapan: ç‹¬è£å›½å®¶ã®GDPãƒ‡ãƒ¼ã‚¿æ°´å¢—ã— ã€Œå…‰ã€ã§ç…§ã‚‰ã—å‡ºã™
è¡›æ˜Ÿå†™çœŸã§æµ®ã‹ã³ä¸ŠãŒã‚‹å®Ÿæ…‹
#GDP #çµŒæ¸ˆ
https://t.co/EGsxkoFnvd",FALSE,0,NA,2023-01-25 03:30:23,FALSE,NA,"1618088868548579329",NA,"<a href=""http://twitter.com/download/iphone"" rel=""nofollow"">Twitter for iPhone</a>","4823_tanaka",11,TRUE,FALSE,NA,NA
"83","ç‹¬è£å›½å®¶ã®GDPãƒ‡ãƒ¼ã‚¿æ°´å¢—ã— ã€Œå…‰ã€ã§ç…§ã‚‰ã—å‡ºã™
è¡›æ˜Ÿå†™çœŸã§æµ®ã‹ã³ä¸ŠãŒã‚‹å®Ÿæ…‹
#GDP #çµŒæ¸ˆ
https://t.co/EGsxkoFnvd",FALSE,13,NA,2023-01-25 03:30:12,FALSE,NA,"1618088821458931712",NA,"<a href=""http://www.socialflow.com"" rel=""nofollow"">SocialFlow</a>","WSJJapan",11,FALSE,FALSE,NA,NA
"84","RT @kumarmanishsd: à¤«à¥ˆà¤¸à¤²à¤¾ à¤†à¤ª à¤•à¤°à¥‡ à¤ªà¤ªà¥à¤ªà¥‚ à¤•à¥Œà¤¨ à¤¹à¥ˆ à¤°à¤¾à¤¹à¥à¤² à¤—à¤¾à¤‚à¤§à¥€ à¤¯à¤¾ à¤®à¥‹à¤¦à¥€ à¤œà¥€ #BJP à¤µà¤¾à¤²à¥‡ à¤œà¤¿à¤¸ à¤¤à¤°à¤¹ à¤°à¤¾à¤¹à¥à¤² à¤—à¤¾à¤‚à¤§à¥€ à¤œà¥€ à¤à¤• à¤à¤• à¤¬à¤¾à¤¤ à¤ªà¤•à¤¡à¤¼à¤¤à¥‡ à¤¹à¥ˆ à¤•à¤¾à¤¶ à¤•à¤¾à¤‚à¤—à¥à¤°à¥‡à¤¸ à¤”à¤° à¤­à¤¾â€¦",FALSE,0,NA,2023-01-25 03:25:01,FALSE,NA,"1618087518553137155",NA,"<a href=""http://twitter.com/download/android"" rel=""nofollow"">Twitter for Android</a>","bharatrao1960",4,TRUE,FALSE,NA,NA
"85","RT @UxbEconomist07: Episode 251 of â€œLiz Truss #TaxCuts did not cause Britainâ€™s markets to crash.â€ 

Analysis showed that a so called BlackHâ€¦",FALSE,0,NA,2023-01-25 03:21:31,FALSE,NA,"1618086636251926529",NA,"<a href=""https://mobile.twitter.com"" rel=""nofollow"">Twitter Web App</a>","DavidSevern7",7,TRUE,FALSE,NA,NA
"86","RT @MDManappuram: Based on the recently announced corporate tax assessment data, it is evident that despite the recessionary headwinds globâ€¦",FALSE,0,NA,2023-01-25 03:12:49,FALSE,NA,"1618084448104484864",NA,"<a href=""http://twitter.com/download/android"" rel=""nofollow"">Twitter for Android</a>","Uma_Dutt_Mishra",24,TRUE,FALSE,NA,NA
"87","RT @TradersCom: Our Traders Market Weekly analysis - Where have we been &amp; where are we going? 
- Big #Tech Earnings &amp; Global PMI
ğŸ‘€
#Chineseâ€¦",FALSE,0,NA,2023-01-25 03:01:17,FALSE,NA,"1618081543934857216",NA,"<a href=""http://twitter.com/download/iphone"" rel=""nofollow"">Twitter for iPhone</a>","TradersCom",4,TRUE,FALSE,NA,NA
"88","https://t.co/bAdEWxOa9B

#usdinr #Rupee #forex #GDP #India ğŸ‡®ğŸ‡³ #USA ğŸ‡ºğŸ‡¸ #economy #FederalReserve #oilprice #Wednesday",FALSE,0,NA,2023-01-25 03:00:19,FALSE,NA,"1618081302514905093",NA,"<a href=""http://twitter.com/download/android"" rel=""nofollow"">Twitter for Android</a>","Roy0090",0,FALSE,FALSE,NA,NA
"89","RT @CignalsIo: Have a feeling $BTC chops a bit heading into Thursday's #GDP numbers &amp; Friday's #PCE data. 

If numbers come in softer thanâ€¦",FALSE,0,NA,2023-01-25 03:00:02,FALSE,NA,"1618081230918127617",NA,"<a href=""https://mobile.twitter.com"" rel=""nofollow"">Twitter Web App</a>","YoungWallSt",2,TRUE,FALSE,NA,NA
"90","Have a feeling $BTC chops a bit heading into Thursday's #GDP numbers &amp; Friday's #PCE data. 

If numbers come in sofâ€¦ https://t.co/9PSmvKKo8S",FALSE,4,NA,2023-01-25 02:59:50,TRUE,NA,"1618081180745883650",NA,"<a href=""https://mobile.twitter.com"" rel=""nofollow"">Twitter Web App</a>","CignalsIo",2,FALSE,FALSE,NA,NA
"91","Lekki Port, CMA CGM group to facilitate trade growth, increase GDP
https://t.co/xlVhuDqEcF #Lekki #Port #CMA #CGMâ€¦ https://t.co/u9IqVtxyPI",FALSE,0,NA,2023-01-25 02:52:35,TRUE,NA,"1618079356185903105",NA,"<a href=""https://mobile.twitter.com"" rel=""nofollow"">Twitter Web App</a>","Os_Primetv",0,FALSE,FALSE,NA,NA
"92","RT @TheViewsNetwork: Ù…Ø¬Ù…ÙˆØ¹ÛŒ Ù‚ÙˆÙ…ÛŒ Ù¾ÛŒØ¯Ø§ÙˆØ§Ø± (Ø¬ÛŒ ÚˆÛŒ Ù¾ÛŒ) Ú©Ùˆ Ø¹Ø§Ù… Ø·ÙˆØ± Ù¾Ø± Ú©Ø³ÛŒ Ø¨Ú¾ÛŒ Ù…Ù„Ú© Ú©ÛŒ Ù…Ø¹ÛŒØ´Øª Ú©Û’ Ø³Ø§Ø¦Ø² Ú©Ø§ Ø§Ù†Ø¯Ø§Ø²Û Ù„Ú¯Ø§Ù†Û’ Ú©ÛŒÙ„Ø¦Û’ Ø§Ø³ØªØ¹Ù…Ø§Ù„ Ú©ÛŒØ§ Ø¬Ø§ØªØ§ ÛÛ’Û” ÛŒâ€¦",FALSE,0,NA,2023-01-25 02:50:06,FALSE,NA,"1618078731578507266",NA,"<a href=""http://twitter.com/download/android"" rel=""nofollow"">Twitter for Android</a>","Sardar__Malik",4,TRUE,FALSE,NA,NA
"93","RT @FXStreetNews: USD/CAD struggles to extend recovery above 1.3380 ahead of BoC policy â€“ by @Sagar_Dua24

https://t.co/DfIvTVqzqe

 #USDCAâ€¦",FALSE,0,NA,2023-01-25 02:47:16,FALSE,NA,"1618078016151891968",NA,"<a href=""http://twitter.com/download/android"" rel=""nofollow"">Twitter for Android</a>","TommyBrownIII1",1,TRUE,FALSE,NA,NA
"94","Budget 2023: This is what India's middle class wishes for... 

#NirmalaSitharaman | #PMModi | #GDP | #Budget2023â€¦ https://t.co/STCJWdBKvI",FALSE,3,NA,2023-01-25 02:40:00,TRUE,NA,"1618076188018188290",NA,"<a href=""https://studio.twitter.com"" rel=""nofollow"">Twitter Media Studio</a>","dna",0,FALSE,FALSE,NA,NA
"95","#GDP in the a.m. (Crickets)â€¦. 

Watch $TNX",FALSE,0,NA,2023-01-25 02:30:06,FALSE,NA,"1618073696442388480",NA,"<a href=""http://twitter.com/download/iphone"" rel=""nofollow"">Twitter for iPhone</a>","vixath",0,FALSE,FALSE,NA,NA
"96","RT @meetdrvinay: #Budget2023: Will The Budget Be A Trade-Off Between Economic Growth And Fiscal Consolidation?

My take for @abplive

#Fiscâ€¦",FALSE,0,NA,2023-01-25 02:27:29,FALSE,NA,"1618073038930706433",NA,"<a href=""http://twitter.com/download/android"" rel=""nofollow"">Twitter for Android</a>","meetdrvinay",1,TRUE,FALSE,NA,NA
"97","RT @NiveshValue: #banknifty Intraday Trading Levels for 25 Jan

Trend Decider 42841

#banknifty #optionbuying #optiontrading #intradaytradiâ€¦",FALSE,0,NA,2023-01-25 02:19:43,FALSE,NA,"1618071086381543424",NA,"<a href=""https://mobile.twitter.com"" rel=""nofollow"">Twitter Web App</a>","Ilala11J",2,TRUE,FALSE,NA,NA
"98","RT @SultanAhmadAli: Agricultural sector of Pakistan contributes significant share in economy in terms of #GDP &amp; employment. Currently it isâ€¦",FALSE,0,NA,2023-01-25 02:18:41,FALSE,NA,"1618070826254991365",NA,"<a href=""http://twitter.com/download/android"" rel=""nofollow"">Twitter for Android</a>","AfzalawaisAfza1",278,TRUE,FALSE,NA,NA
"99","RT @JeromeCMorales: Philippines' Q3 2022 #GDP growth maintained at +7.6%, according to the @PSAgovph https://t.co/03OIMnFsiK",FALSE,0,NA,2023-01-25 02:16:23,FALSE,NA,"1618070245562015745",NA,"<a href=""https://mobile.twitter.com"" rel=""nofollow"">Twitter Web App</a>","PH7641",2,TRUE,FALSE,NA,NA
"100","RT @NiveshValue: #banknifty Intraday Trading Levels for 25 Jan

Trend Decider 42841

#banknifty #optionbuying #optiontrading #intradaytradiâ€¦",FALSE,0,NA,2023-01-25 02:13:05,FALSE,NA,"1618069414271946753",NA,"<a href=""https://help.twitter.com/en/using-twitter/how-to-tweet#source-labels"" rel=""nofollow"">Qlabe Bot</a>","Qlabe1",2,TRUE,FALSE,NA,NA
